timestamp,frame_number,ball_x,ball_y,ball_detected,player_1_x,player_1_y,player_1_detected,player_2_x,player_2_y,player_2_detected,player_3_x,player_3_y,player_3_detected,player_4_x,player_4_y,player_4_detected
2024-01-01 00:00:00.000000,0,,,False,552.5601501464844,841.0994567871094,True,1063.23486328125,255.10108947753906,True,1519.8848266601562,136.6167869567871,True,1645.5982055664062,333.4922180175781,True
2024-01-01 00:00:00.033330,1,903.8377990722656,626.7539978027344,True,557.0856170654297,840.7025756835938,True,1067.0365600585938,256.02989959716797,True,1519.8319702148438,136.6512680053711,True,1645.4514770507812,333.04278564453125,True
2024-01-01 00:00:00.066660,2,884.7910766601562,648.7124633789062,True,565.4037933349609,840.2748718261719,True,1065.1690673828125,257.17261505126953,True,1519.7756958007812,136.70563125610352,True,1645.340576171875,332.99383544921875,True
2024-01-01 00:00:00.099990,3,870.8759460449219,658.0734252929688,True,576.8204193115234,838.563720703125,True,1065.1619873046875,258.3014678955078,True,1519.78076171875,136.69492721557617,True,1645.3499145507812,333.6384735107422,True
2024-01-01 00:00:00.133320,4,,,False,586.1676330566406,837.7472534179688,True,1066.5338745117188,257.8337707519531,True,1519.7899169921875,136.63129806518555,True,1645.4066162109375,333.7193298339844,True
2024-01-01 00:00:00.166650,5,,,False,597.3952178955078,835.6782836914062,True,1069.7308349609375,256.9642868041992,True,1519.801025390625,136.6332778930664,True,1645.4658813476562,333.64825439453125,True
2024-01-01 00:00:00.199980,6,830.166015625,695.2445678710938,True,615.1584777832031,834.0780639648438,True,1069.2569580078125,255.94223022460938,True,1519.7906494140625,136.62749862670898,True,1645.4107666015625,333.6985626220703,True
2024-01-01 00:00:00.233310,7,822.5815124511719,705.0232238769531,True,628.6149597167969,832.8764038085938,True,1069.396240234375,255.07101440429688,True,1519.7797241210938,136.62497329711914,True,1645.4405517578125,333.71165466308594,True
2024-01-01 00:00:00.266640,8,806.1184997558594,728.2139282226562,True,649.2605590820312,831.2738647460938,True,1069.7440185546875,255.4038543701172,True,1519.8284301757812,136.5239028930664,True,1645.5108642578125,333.7900085449219,True
2024-01-01 00:00:00.299970,9,,,False,663.7943725585938,829.8047790527344,True,1070.9591674804688,259.05406951904297,True,1519.7657470703125,136.53397369384766,True,1645.4841918945312,334.0067596435547,True
2024-01-01 00:00:00.333300,10,778.4598083496094,769.5899047851562,True,671.0256652832031,828.8278198242188,True,1072.5874633789062,260.5427932739258,True,1519.6717529296875,136.50680541992188,True,1645.5903930664062,333.68544006347656,True
2024-01-01 00:00:00.366630,11,786.8362426757812,727.8616027832031,True,674.8396911621094,828.0968322753906,True,1073.5903930664062,261.24359130859375,True,1519.6339111328125,136.3969497680664,True,1645.7005004882812,333.5228729248047,True
2024-01-01 00:00:00.399960,12,,,False,679.7292785644531,827.0585632324219,True,1074.1005249023438,261.6822204589844,True,1519.615478515625,136.347412109375,True,1645.626708984375,333.4194793701172,True
2024-01-01 00:00:00.433290,13,804.333984375,657.6289367675781,True,685.1078796386719,825.8695068359375,True,1074.60009765625,261.40599060058594,True,1519.65673828125,136.35840225219727,True,1645.6424560546875,333.3838195800781,True
2024-01-01 00:00:00.466620,14,811.8593444824219,617.3883666992188,True,697.8598327636719,824.2909545898438,True,1074.8244018554688,260.80055236816406,True,1519.690673828125,136.30589294433594,True,1645.6736450195312,333.3941650390625,True
2024-01-01 00:00:00.499950,15,823.6868591308594,578.7002258300781,True,711.2141723632812,819.9766845703125,True,1075.1880493164062,259.8922424316406,True,1519.6739501953125,136.33907318115234,True,1645.7333984375,333.4595489501953,True
2024-01-01 00:00:00.533280,16,827.3936157226562,561.4892578125,True,719.8451232910156,818.6776123046875,True,1075.6212158203125,259.3671188354492,True,1519.6893310546875,136.36699676513672,True,1645.7598266601562,333.3278045654297,True
2024-01-01 00:00:00.566610,17,834.4795532226562,530.4321899414062,True,732.6590576171875,817.9818420410156,True,1076.0830078125,257.8169479370117,True,1519.7069091796875,136.38973999023438,True,1645.6010131835938,333.3127136230469,True
2024-01-01 00:00:00.599940,18,,,False,748.9967346191406,819.4532470703125,True,1076.1400756835938,256.40101623535156,True,1519.7489624023438,136.40057373046875,True,1645.5087890625,333.43768310546875,True
2024-01-01 00:00:00.633270,19,,,False,759.6495361328125,819.072021484375,True,1076.0657958984375,255.2177734375,True,1519.8096923828125,136.4149513244629,True,1645.5184936523438,333.4326934814453,True
2024-01-01 00:00:00.666600,20,,,False,771.8782043457031,818.2589111328125,True,1077.2889404296875,254.96326446533203,True,1519.8027954101562,136.4270477294922,True,1645.4786987304688,333.4556121826172,True
2024-01-01 00:00:00.699930,21,,,False,782.3839721679688,817.1099853515625,True,1078.2452392578125,255.32522583007812,True,1519.802490234375,136.52100372314453,True,1645.3862915039062,333.4080047607422,True
2024-01-01 00:00:00.733260,22,,,False,788.9106140136719,816.6136474609375,True,1078.8778076171875,255.58734893798828,True,1519.7765502929688,136.53496170043945,True,1645.3536376953125,333.3003845214844,True
2024-01-01 00:00:00.766590,23,871.4512939453125,408.4639892578125,True,798.7127990722656,814.4713745117188,True,1077.6278686523438,255.11488342285156,True,1519.7532348632812,136.5373649597168,True,1645.3182373046875,333.2352752685547,True
2024-01-01 00:00:00.799920,24,,,False,810.697265625,813.9898986816406,True,1075.2907104492188,254.4705581665039,True,1519.7615356445312,136.5277214050293,True,1645.386962890625,333.3002624511719,True
2024-01-01 00:00:00.833250,25,877.26123046875,385.98175048828125,True,819.4836120605469,813.5955810546875,True,1073.0101928710938,253.69476318359375,True,1519.7807006835938,136.53839492797852,True,1645.3817138671875,333.1119689941406,True
2024-01-01 00:00:00.866580,26,,,False,831.0858764648438,814.259765625,True,1067.5462646484375,253.15540313720703,True,1519.80859375,136.7457046508789,True,1645.3395385742188,333.03871154785156,True
2024-01-01 00:00:00.899910,27,,,False,843.2036743164062,816.4240112304688,True,1059.9459228515625,253.6118621826172,True,1519.840087890625,136.81988143920898,True,1645.401611328125,332.98040771484375,True
2024-01-01 00:00:00.933240,28,,,False,851.6347045898438,818.1252746582031,True,1055.7073974609375,255.69376373291016,True,1519.9207763671875,136.81717681884766,True,1645.432373046875,332.9541320800781,True
2024-01-01 00:00:00.966570,29,896.103515625,340.3004455566406,True,859.8702697753906,820.0021362304688,True,1052.0191650390625,256.21946716308594,True,1519.9307861328125,136.79314041137695,True,1645.5549926757812,332.6330261230469,True
2024-01-01 00:00:00.999900,30,901.0339965820312,333.6755065917969,True,863.5064697265625,822.3562316894531,True,1048.3854370117188,256.83477783203125,True,1519.944580078125,136.79337310791016,True,1645.5414428710938,332.6155090332031,True
2024-01-01 00:00:01.033230,31,902.9979858398438,330.99310302734375,True,865.1288757324219,823.3660888671875,True,1046.8785095214844,257.24451446533203,True,1519.9310302734375,136.76727294921875,True,1645.4794311523438,332.6294860839844,True
2024-01-01 00:00:01.066560,32,,,False,868.7290344238281,823.3244018554688,True,1044.7597351074219,257.47533416748047,True,1519.9030151367188,136.79953002929688,True,1645.5219116210938,332.6531982421875,True
2024-01-01 00:00:01.099890,33,,,False,873.8936157226562,822.7791137695312,True,1042.1121520996094,257.15282440185547,True,1519.901123046875,136.8019790649414,True,1645.5242309570312,332.63446044921875,True
2024-01-01 00:00:01.133220,34,,,False,878.1494140625,822.2183532714844,True,1040.0654602050781,256.47701263427734,True,1519.890625,136.79194259643555,True,1645.5259399414062,332.5645751953125,True
2024-01-01 00:00:01.166550,35,,,False,886.1487426757812,822.2417907714844,True,1037.6876220703125,255.3306884765625,True,1519.8840942382812,136.76786422729492,True,1645.574462890625,332.5141143798828,True
2024-01-01 00:00:01.199880,36,,,False,897.9013977050781,823.8209228515625,True,1035.1901550292969,253.73799896240234,True,1519.8795776367188,136.75018310546875,True,1645.5534057617188,332.3315124511719,True
2024-01-01 00:00:01.233210,37,,,False,905.5977783203125,825.7060546875,True,1033.7427673339844,252.43099975585938,True,1519.9080810546875,136.7617530822754,True,1645.4051513671875,332.35179138183594,True
2024-01-01 00:00:01.266540,38,,,False,913.7288818359375,828.2760925292969,True,1032.0725708007812,250.18397521972656,True,1519.927978515625,136.77991104125977,True,1645.294677734375,332.4604034423828,True
2024-01-01 00:00:01.299870,39,925.9844970703125,309.71246337890625,True,919.3467712402344,831.960693359375,True,1033.5252075195312,247.11565399169922,True,1519.9470825195312,136.77959442138672,True,1645.342041015625,332.73573303222656,True
2024-01-01 00:00:01.333200,40,926.6375122070312,309.680908203125,True,921.4712219238281,834.0508728027344,True,1032.3019409179688,244.54612731933594,True,1519.9434204101562,136.77173614501953,True,1645.2001342773438,332.9373016357422,True
2024-01-01 00:00:01.366530,41,,,False,922.4039916992188,836.2469177246094,True,1030.857177734375,242.33431243896484,True,1519.951171875,136.77657318115234,True,1645.1521606445312,333.11541748046875,True
2024-01-01 00:00:01.399860,42,,,False,923.6151428222656,837.0339660644531,True,1029.6529541015625,240.98565673828125,True,1519.9317626953125,136.78865814208984,True,1645.1334228515625,333.14979553222656,True
2024-01-01 00:00:01.433190,43,,,False,925.2444763183594,836.6481323242188,True,1029.3441162109375,239.27291870117188,True,1519.9002685546875,136.80112838745117,True,1645.0653076171875,333.14491271972656,True
2024-01-01 00:00:01.466520,44,,,False,927.4535827636719,836.6072998046875,True,1029.8852233886719,239.0299835205078,True,1519.8991088867188,136.81827545166016,True,1645.0348510742188,333.14154052734375,True
2024-01-01 00:00:01.499850,45,942.0555725097656,317.3448944091797,True,932.6985778808594,837.6922302246094,True,1029.5286254882812,238.48460388183594,True,1519.9111328125,136.83352661132812,True,1645.023193359375,333.252685546875,True
2024-01-01 00:00:01.533180,46,943.1897277832031,319.0071105957031,True,936.8555908203125,839.6116333007812,True,1028.3614196777344,238.65779876708984,True,1519.9330444335938,136.83813095092773,True,1645.0321655273438,333.3054962158203,True
2024-01-01 00:00:01.566510,47,,,False,941.1448669433594,842.9533081054688,True,1025.7116088867188,238.97926330566406,True,1519.928466796875,136.8404998779297,True,1645.0267944335938,333.3985595703125,True
2024-01-01 00:00:01.599840,48,,,False,945.279296875,846.9057922363281,True,1023.5073547363281,239.48075103759766,True,1519.9360961914062,136.81703186035156,True,1645.0677490234375,333.4212646484375,True
2024-01-01 00:00:01.633170,49,,,False,947.3910217285156,850.11181640625,True,1022.8705444335938,239.7687530517578,True,1519.9474487304688,136.8021011352539,True,1644.9911499023438,333.4523468017578,True
2024-01-01 00:00:01.666500,50,948.88330078125,285.6467742919922,True,949.1526184082031,853.7467041015625,True,1022.0680847167969,239.38658142089844,True,1519.906982421875,136.77131271362305,True,1645.0184936523438,333.5149383544922,True
2024-01-01 00:00:01.699830,51,950.4229431152344,270.802001953125,True,949.6028747558594,855.4295654296875,True,1024.5282592773438,238.74626922607422,True,1519.8736572265625,136.7903060913086,True,1645.0628662109375,333.43540954589844,True
2024-01-01 00:00:01.733160,52,950.1240844726562,265.57276916503906,True,949.7051696777344,855.6836547851562,True,1029.4526977539062,238.0272445678711,True,1519.8526611328125,136.7980613708496,True,1645.0914306640625,333.40850830078125,True
2024-01-01 00:00:01.766490,53,950.7523498535156,257.2693099975586,True,949.597412109375,855.029052734375,True,1034.5757141113281,236.52074432373047,True,1519.8330688476562,136.79745483398438,True,1645.0532836914062,333.436767578125,True
2024-01-01 00:00:01.799820,54,,,False,949.8681640625,854.3536987304688,True,1032.3675231933594,233.43962860107422,True,1519.8156127929688,136.79722213745117,True,1645.0139770507812,333.4293212890625,True
2024-01-01 00:00:01.833150,55,950.3388061523438,240.2598648071289,True,950.089599609375,854.4708862304688,True,1028.9092712402344,230.2505874633789,True,1519.814208984375,136.79461669921875,True,1645.0134887695312,333.3658447265625,True
2024-01-01 00:00:01.866480,56,950.3797912597656,237.8572998046875,True,949.1092834472656,855.8620910644531,True,1025.4039916992188,227.51278686523438,True,1519.8304443359375,136.78034591674805,True,1645.0154418945312,333.31591796875,True
2024-01-01 00:00:01.899810,57,,,False,945.504150390625,858.1578063964844,True,1032.5932312011719,226.2205352783203,True,1519.850341796875,136.77515029907227,True,1645.0259399414062,333.32965087890625,True
2024-01-01 00:00:01.933140,58,,,False,943.1770629882812,859.8317260742188,True,1035.8291320800781,225.5235366821289,True,1519.866943359375,136.77321243286133,True,1645.009765625,333.3713073730469,True
2024-01-01 00:00:01.966470,59,,,False,940.9619445800781,863.7320861816406,True,1036.8573608398438,225.21542358398438,True,1519.9017333984375,136.69092178344727,True,1645.0330810546875,333.5787048339844,True
2024-01-01 00:00:01.999800,60,,,False,938.420166015625,869.5066223144531,True,1037.6527099609375,224.8229751586914,True,1519.8953857421875,136.6855812072754,True,1645.1048583984375,333.60548400878906,True
2024-01-01 00:00:02.033130,61,905.5814208984375,261.91419219970703,True,937.4411315917969,873.3554992675781,True,1037.9718933105469,224.05648803710938,True,1519.9392700195312,136.69879913330078,True,1645.0828857421875,333.58416748046875,True
2024-01-01 00:00:02.066460,62,896.5097045898438,271.52232360839844,True,937.5392150878906,880.0343627929688,True,1038.4871520996094,223.0057830810547,True,1519.967041015625,136.70136260986328,True,1645.0060424804688,333.62001037597656,True
2024-01-01 00:00:02.099790,63,,,False,937.8310852050781,886.0691833496094,True,1039.2793579101562,222.27666473388672,True,1519.979248046875,136.75234603881836,True,1645.0770874023438,333.52484130859375,True
2024-01-01 00:00:02.133120,64,879.87890625,292.4610290527344,True,937.7090454101562,888.8955688476562,True,1039.544677734375,221.8673858642578,True,1519.966552734375,136.77649688720703,True,1645.0957641601562,333.4589385986328,True
2024-01-01 00:00:02.166450,65,,,False,936.0061340332031,890.7682189941406,True,1039.2513427734375,221.33985900878906,True,1519.9778442382812,136.77773666381836,True,1645.0999755859375,333.4786834716797,True
2024-01-01 00:00:02.199780,66,857.0564270019531,328.9744110107422,True,933.9819946289062,890.4199829101562,True,1039.4530639648438,221.2721710205078,True,1519.9694213867188,136.77109146118164,True,1645.1263427734375,333.2416076660156,True
2024-01-01 00:00:02.233110,67,853.1319580078125,337.35975646972656,True,932.2540588378906,889.4238891601562,True,1039.5337219238281,221.80449676513672,True,1519.9564819335938,136.7860336303711,True,1645.13916015625,333.16673278808594,True
2024-01-01 00:00:02.266440,68,,,False,930.73828125,888.3211669921875,True,1039.2865905761719,223.53883361816406,True,1519.9584350585938,136.8204574584961,True,1645.1429443359375,333.05055236816406,True
2024-01-01 00:00:02.299770,69,830.0987243652344,381.8778991699219,True,926.1539306640625,886.8542785644531,True,1039.0260009765625,225.9872283935547,True,1519.9613647460938,136.80662536621094,True,1645.1613159179688,333.00103759765625,True
2024-01-01 00:00:02.333100,70,,,False,919.9513854980469,885.4214172363281,True,1039.6174621582031,227.31815338134766,True,1519.9426879882812,136.79918670654297,True,1645.107177734375,332.9770812988281,True
2024-01-01 00:00:02.366430,71,,,False,904.8709716796875,883.8531188964844,True,1039.6745300292969,228.26119232177734,True,1519.951171875,136.78042602539062,True,1645.1172485351562,333.3551788330078,True
2024-01-01 00:00:02.399760,72,,,False,884.3839721679688,882.3234558105469,True,1039.5379028320312,229.1225128173828,True,1519.94921875,136.76033401489258,True,1645.130859375,333.3674621582031,True
2024-01-01 00:00:02.433090,73,,,False,869.27099609375,880.9838256835938,True,1039.1674194335938,228.9209747314453,True,1519.9385375976562,136.77654647827148,True,1645.1416015625,333.16941833496094,True
2024-01-01 00:00:02.466420,74,784.8153076171875,498.6129455566406,True,845.3121337890625,879.4302368164062,True,1039.1104736328125,228.38115692138672,True,1519.9454956054688,136.76719665527344,True,1645.2056884765625,333.0761413574219,True
2024-01-01 00:00:02.499750,75,774.7735290527344,533.9163208007812,True,826.5953979492188,877.7503356933594,True,1038.6583557128906,226.61571502685547,True,1519.9283447265625,136.75523376464844,True,1645.2716674804688,333.07862854003906,True
2024-01-01 00:00:02.533080,76,771.3484191894531,550.5945434570312,True,816.6836242675781,876.3405151367188,True,1038.1927795410156,225.66954040527344,True,1519.927490234375,136.76149368286133,True,1645.2680053710938,333.2969665527344,True
2024-01-01 00:00:02.566410,77,757.5657043457031,590.8251953125,True,804.9983520507812,875.8435363769531,True,1034.8039855957031,224.52327728271484,True,1519.9357299804688,136.76337432861328,True,1645.2636108398438,333.4036560058594,True
2024-01-01 00:00:02.599740,78,748.6586303710938,629.0404052734375,True,794.8826599121094,877.2811889648438,True,1029.1732482910156,223.73311614990234,True,1519.9446411132812,136.75600814819336,True,1645.2929077148438,333.4581604003906,True
2024-01-01 00:00:02.633070,79,739.4317016601562,650.7040405273438,True,788.7850341796875,877.8880920410156,True,1024.8782348632812,223.45362091064453,True,1519.9583740234375,136.75112915039062,True,1645.343994140625,333.84642028808594,True
2024-01-01 00:00:02.666400,80,729.4529724121094,694.3212585449219,True,781.2516174316406,878.2226867675781,True,1020.1837158203125,223.4029769897461,True,1519.97216796875,136.7273292541504,True,1645.2977905273438,334.0596923828125,True
2024-01-01 00:00:02.699730,81,,,False,773.1874084472656,879.0659790039062,True,1015.164306640625,224.10945892333984,True,1519.989501953125,136.728271484375,True,1645.2832641601562,334.2210235595703,True
2024-01-01 00:00:02.733060,82,,,False,768.5005798339844,879.2882385253906,True,1011.7978210449219,224.468994140625,True,1520.0048217773438,136.73877334594727,True,1645.202880859375,334.31324768066406,True
2024-01-01 00:00:02.766390,83,,,False,762.6792907714844,879.2920532226562,True,1006.64990234375,225.139892578125,True,1520.0421752929688,136.70043182373047,True,1645.23876953125,334.3792724609375,True
2024-01-01 00:00:02.799720,84,,,False,756.210205078125,879.4384460449219,True,1001.6174621582031,226.50447845458984,True,1520.0452880859375,136.68751907348633,True,1645.2340087890625,334.3780212402344,True
2024-01-01 00:00:02.833050,85,,,False,751.9237976074219,879.2619018554688,True,998.7139587402344,227.22895050048828,True,1520.0194702148438,136.6793212890625,True,1645.2437133789062,333.98561096191406,True
2024-01-01 00:00:02.866380,86,,,False,745.2482604980469,878.8338928222656,True,995.8020935058594,229.2077407836914,True,1520.0023193359375,136.6619529724121,True,1645.2294921875,333.83531188964844,True
2024-01-01 00:00:02.899710,87,,,False,734.0486755371094,878.051513671875,True,994.1058044433594,231.4865493774414,True,1519.9973754882812,136.66326904296875,True,1645.2951049804688,333.6852111816406,True
2024-01-01 00:00:02.933040,88,,,False,726.698486328125,877.5427551269531,True,993.5239868164062,232.64847564697266,True,1519.9891357421875,136.6577377319336,True,1645.23974609375,333.64891052246094,True
2024-01-01 00:00:02.966370,89,663.5400695800781,743.7764282226562,True,722.0281066894531,876.8751220703125,True,993.3672180175781,233.0052032470703,True,1519.9906616210938,136.63327026367188,True,1645.2344970703125,333.5931396484375,True
2024-01-01 00:00:02.999700,90,,,False,719.6619262695312,875.216552734375,True,993.5029907226562,232.64141082763672,True,1519.975341796875,136.6129264831543,True,1645.2490234375,333.5172882080078,True
2024-01-01 00:00:03.033030,91,,,False,718.057373046875,873.9672241210938,True,993.8246154785156,232.06037139892578,True,1519.9508666992188,136.6454963684082,True,1645.2492065429688,333.4612274169922,True
2024-01-01 00:00:03.066360,92,641.6483459472656,772.7560729980469,True,713.3807983398438,871.1226501464844,True,994.9554443359375,231.45423126220703,True,1519.92138671875,136.6690559387207,True,1645.1841430664062,333.3661193847656,True
2024-01-01 00:00:03.099690,93,633.3544006347656,787.9256896972656,True,707.2573547363281,867.0413818359375,True,995.431640625,229.7097396850586,True,1519.9144287109375,136.6717987060547,True,1645.1776123046875,333.10682678222656,True
2024-01-01 00:00:03.133020,94,630.4660339355469,795.4439392089844,True,703.55078125,863.6947631835938,True,995.82275390625,228.8938751220703,True,1519.9320068359375,136.65747451782227,True,1645.165771484375,333.0543212890625,True
2024-01-01 00:00:03.166350,95,,,False,703.9537353515625,859.9891662597656,True,996.8457336425781,227.89993286132812,True,1519.9376831054688,136.65479278564453,True,1645.1593627929688,332.98974609375,True
2024-01-01 00:00:03.199680,96,636.4683837890625,720.1462707519531,True,708.9776306152344,855.3950805664062,True,998.9715881347656,227.5787353515625,True,1519.9317626953125,136.68047714233398,True,1645.1720581054688,332.9471740722656,True
2024-01-01 00:00:03.233010,97,641.6641845703125,694.5756530761719,True,711.370849609375,849.2554016113281,True,1000.3391418457031,226.81057739257812,True,1519.92333984375,136.68091201782227,True,1645.1610107421875,333.00083923339844,True
2024-01-01 00:00:03.266340,98,,,False,709.8068237304688,845.6288146972656,True,1001.810302734375,227.01046752929688,True,1519.91064453125,136.6855812072754,True,1645.1399536132812,333.04649353027344,True
2024-01-01 00:00:03.299670,99,653.8646545410156,596.8825378417969,True,708.5775451660156,841.8448791503906,True,1002.9123229980469,227.52265167236328,True,1519.9044189453125,136.69604873657227,True,1645.0851440429688,333.11773681640625,True
2024-01-01 00:00:03.333000,100,655.9124450683594,575.8667907714844,True,707.5855102539062,840.5741271972656,True,1003.1672668457031,228.2361068725586,True,1519.8750610351562,136.73317337036133,True,1645.0670776367188,333.1986389160156,True
2024-01-01 00:00:03.366330,101,,,False,706.5820922851562,840.4787902832031,True,1004.5367126464844,228.99329376220703,True,1519.8682250976562,136.70437622070312,True,1645.034912109375,333.30393981933594,True
2024-01-01 00:00:03.399660,102,,,False,704.7125549316406,841.9472961425781,True,1006.3450927734375,229.90880584716797,True,1519.8634033203125,136.69055938720703,True,1645.0479125976562,333.3440399169922,True
2024-01-01 00:00:03.432990,103,,,False,703.4179077148438,842.5419921875,True,1008.1339111328125,230.81356048583984,True,1519.8621826171875,136.68253326416016,True,1645.0616455078125,333.3572540283203,True
2024-01-01 00:00:03.466320,104,,,False,695.1946716308594,842.5610046386719,True,1008.1160888671875,231.24646759033203,True,1519.858154296875,136.70670318603516,True,1645.077392578125,333.34947204589844,True
2024-01-01 00:00:03.499650,105,,,False,684.3434753417969,842.3721313476562,True,1005.9070434570312,229.95567321777344,True,1519.8485717773438,136.70870208740234,True,1645.0806884765625,333.3785858154297,True
2024-01-01 00:00:03.532980,106,,,False,676.1636962890625,842.5221557617188,True,1004.2716369628906,228.48394012451172,True,1519.8461303710938,136.70981979370117,True,1645.1088256835938,333.3824462890625,True
2024-01-01 00:00:03.566310,107,678.1527099609375,417.89305114746094,True,667.923095703125,843.3444519042969,True,998.8768920898438,227.8577423095703,True,1519.8616333007812,136.71454620361328,True,1645.1401977539062,333.4127197265625,True
2024-01-01 00:00:03.599640,108,678.8906555175781,404.4073791503906,True,662.1338500976562,845.3602600097656,True,988.3735961914062,227.27649688720703,True,1519.8585205078125,136.70771026611328,True,1645.1725463867188,333.42535400390625,True
2024-01-01 00:00:03.632970,109,,,False,658.6517944335938,847.0338439941406,True,978.8282775878906,227.31930541992188,True,1519.8616333007812,136.71922302246094,True,1645.1815185546875,333.4347229003906,True
2024-01-01 00:00:03.666300,110,682.9390869140625,385.8243713378906,True,655.6868591308594,849.6193237304688,True,968.3406372070312,227.32300567626953,True,1519.8563232421875,136.72150802612305,True,1645.1825561523438,333.36314392089844,True
2024-01-01 00:00:03.699630,111,,,False,655.9837646484375,851.2531433105469,True,959.9993286132812,226.41928100585938,True,1519.8653564453125,136.70671463012695,True,1645.1796875,333.2607421875,True
2024-01-01 00:00:03.732960,112,,,False,657.3421630859375,851.8601684570312,True,955.0366516113281,226.5024642944336,True,1519.8541870117188,136.67006301879883,True,1645.1478881835938,333.20909118652344,True
2024-01-01 00:00:03.766290,113,685.5736999511719,363.7306671142578,True,661.3080749511719,851.0848083496094,True,948.6509094238281,225.96430206298828,True,1519.8065795898438,136.56958770751953,True,1645.1539916992188,333.17396545410156,True
2024-01-01 00:00:03.799620,114,686.2792663574219,359.0379638671875,True,666.9178771972656,848.6252136230469,True,939.6753540039062,227.8516616821289,True,1519.779052734375,136.55620956420898,True,1645.1951904296875,333.1230163574219,True
2024-01-01 00:00:03.832950,115,686.7250671386719,357.6060791015625,True,671.3688354492188,846.2921752929688,True,932.2827453613281,228.13501739501953,True,1519.76220703125,136.5690574645996,True,1645.1187744140625,333.3325653076172,True
2024-01-01 00:00:03.866280,116,687.4341430664062,356.1361846923828,True,678.2505493164062,843.4957580566406,True,918.1825866699219,225.65174865722656,True,1519.7485961914062,136.57077026367188,True,1645.056640625,333.40423583984375,True
2024-01-01 00:00:03.899610,117,686.9752807617188,355.95684814453125,True,689.1139831542969,841.4161987304688,True,904.3695983886719,225.50565338134766,True,1519.7454223632812,136.55917358398438,True,1645.0387573242188,333.4250946044922,True
2024-01-01 00:00:03.932940,118,,,False,698.7058410644531,840.1676330566406,True,896.6405944824219,226.47972106933594,True,1519.7459106445312,136.53934478759766,True,1645.0634155273438,333.4897766113281,True
2024-01-01 00:00:03.966270,119,687.0407409667969,330.8170166015625,True,714.004638671875,840.2165832519531,True,887.1715087890625,226.47645568847656,True,1519.7520141601562,136.5497932434082,True,1645.0155639648438,333.55918884277344,True
2024-01-01 00:00:03.999600,120,,,False,727.6197814941406,841.0163879394531,True,877.3108825683594,227.7093963623047,True,1519.78564453125,136.5269660949707,True,1644.9619750976562,333.5427551269531,True
2024-01-01 00:00:04.032930,121,,,False,734.7808837890625,842.3596496582031,True,871.2985534667969,225.57533264160156,True,1519.7869873046875,136.54022979736328,True,1644.9873657226562,333.4453887939453,True
2024-01-01 00:00:04.066260,122,688.1048583984375,283.4832458496094,True,741.3727416992188,843.9866638183594,True,860.775390625,225.02545928955078,True,1519.7713012695312,136.59189987182617,True,1644.830078125,333.4165496826172,True
2024-01-01 00:00:04.099590,123,688.2313842773438,267.3275909423828,True,752.4197387695312,846.2871704101562,True,845.32275390625,224.1411590576172,True,1519.7505493164062,136.63455963134766,True,1644.6968383789062,333.3513946533203,True
2024-01-01 00:00:04.132920,124,689.0453491210938,260.97985076904297,True,759.2145690917969,847.1109313964844,True,835.9216003417969,223.70559692382812,True,1519.7357177734375,136.57293319702148,True,1644.6195068359375,333.3314208984375,True
2024-01-01 00:00:04.166250,125,,,False,766.2186279296875,845.8258361816406,True,829.0279541015625,224.2173614501953,True,1519.708740234375,136.5361442565918,True,1644.6150512695312,333.30726623535156,True
2024-01-01 00:00:04.199580,126,689.255126953125,238.72644805908203,True,769.7619323730469,843.5404968261719,True,819.1414184570312,225.0170440673828,True,1519.7010498046875,136.5159568786621,True,1644.5908813476562,333.24696350097656,True
2024-01-01 00:00:04.232910,127,688.9200744628906,234.54273986816406,True,771.872802734375,841.5270690917969,True,807.743408203125,225.50049591064453,True,1519.7041625976562,136.52975845336914,True,1644.6362915039062,333.22198486328125,True
2024-01-01 00:00:04.266240,128,,,False,777.7843933105469,837.8445739746094,True,792.6871643066406,225.78823852539062,True,1519.7010498046875,136.54114151000977,True,1644.6431884765625,333.17852783203125,True
2024-01-01 00:00:04.299570,129,,,False,791.0103149414062,833.2154235839844,True,780.6921691894531,226.0331039428711,True,1519.7017822265625,136.5466766357422,True,1644.6602172851562,333.1141052246094,True
2024-01-01 00:00:04.332900,130,,,False,801.6234130859375,830.8557739257812,True,771.8755798339844,226.25172424316406,True,1519.6943359375,136.50759887695312,True,1644.8824462890625,332.919921875,True
2024-01-01 00:00:04.366230,131,,,False,815.4336242675781,828.4275817871094,True,754.2777099609375,227.7733917236328,True,1519.68212890625,136.5217742919922,True,1644.8819580078125,332.8326110839844,True
2024-01-01 00:00:04.399560,132,,,False,827.5929870605469,825.7315673828125,True,744.1531677246094,228.32878875732422,True,1519.6685180664062,136.51269912719727,True,1644.788330078125,332.9947204589844,True
2024-01-01 00:00:04.432890,133,,,False,837.48193359375,824.46923828125,True,736.2435302734375,228.43408966064453,True,1519.6682739257812,136.5253448486328,True,1644.7394409179688,332.9918518066406,True
2024-01-01 00:00:04.466220,134,,,False,852.2918395996094,823.8431701660156,True,727.0365905761719,227.5240478515625,True,1519.6490478515625,136.4840087890625,True,1644.6737670898438,333.0415954589844,True
2024-01-01 00:00:04.499550,135,757.2833557128906,237.33851623535156,True,865.4885864257812,824.1422729492188,True,716.6132202148438,225.9580307006836,True,1519.6503295898438,136.51345825195312,True,1644.6864013671875,333.05267333984375,True
2024-01-01 00:00:04.532880,136,761.3956298828125,238.34335327148438,True,874.4441223144531,824.5404663085938,True,710.6816101074219,224.44027709960938,True,1519.6477661132812,136.5160675048828,True,1644.7559814453125,333.2469177246094,True
2024-01-01 00:00:04.566210,137,775.84716796875,243.72994995117188,True,882.9342041015625,824.3241882324219,True,694.8389587402344,223.28307342529297,True,1519.662841796875,136.5262680053711,True,1644.7174072265625,333.28582763671875,True
2024-01-01 00:00:04.599540,138,,,False,887.6443481445312,823.4442138671875,True,682.4343566894531,221.75546264648438,True,1519.6873168945312,136.5298309326172,True,1644.7277221679688,333.24755859375,True
2024-01-01 00:00:04.632870,139,,,False,889.5804138183594,821.7896423339844,True,675.2404174804688,220.48011016845703,True,1519.6842651367188,136.54218292236328,True,1644.7266845703125,333.1842041015625,True
2024-01-01 00:00:04.666200,140,807.2911376953125,259.0404510498047,True,892.596923828125,819.2860107421875,True,666.1758422851562,219.5199966430664,True,1519.6979370117188,136.56632614135742,True,1644.7059326171875,333.167236328125,True
2024-01-01 00:00:04.699530,141,822.0869750976562,265.0818328857422,True,901.172119140625,816.9884033203125,True,657.9782104492188,219.17583465576172,True,1519.7203369140625,136.59822463989258,True,1644.6509399414062,333.15562438964844,True
2024-01-01 00:00:04.732860,142,826.193359375,269.6285858154297,True,908.2144165039062,815.3813171386719,True,652.8387145996094,218.99549865722656,True,1519.7330932617188,136.62015914916992,True,1644.64306640625,333.1271057128906,True
2024-01-01 00:00:04.766190,143,,,False,921.822021484375,813.2142333984375,True,647.3677978515625,219.29075622558594,True,1519.7149658203125,136.63072204589844,True,1644.7056884765625,333.0693664550781,True
2024-01-01 00:00:04.799520,144,853.820068359375,289.39857482910156,True,940.4035339355469,811.93505859375,True,643.1454162597656,219.82549285888672,True,1519.689208984375,136.6338005065918,True,1644.7058715820312,333.07545471191406,True
2024-01-01 00:00:04.832850,145,857.6610412597656,292.32374572753906,True,952.9613037109375,810.5569458007812,True,640.5633850097656,220.0931167602539,True,1519.692626953125,136.63301467895508,True,1644.7234497070312,333.00221252441406,True
2024-01-01 00:00:04.866180,146,,,False,964.9841003417969,808.9178161621094,True,638.7281799316406,220.34467315673828,True,1519.6751708984375,136.6539535522461,True,1644.7396850585938,333.0538787841797,True
2024-01-01 00:00:04.899510,147,,,False,976.1811218261719,807.0982360839844,True,638.0392456054688,220.78102111816406,True,1519.6660766601562,136.6546287536621,True,1644.7593994140625,332.9897003173828,True
2024-01-01 00:00:04.932840,148,,,False,983.4625549316406,805.2300109863281,True,638.2367553710938,220.8363494873047,True,1519.7042236328125,136.65576934814453,True,1644.7507934570312,332.9749450683594,True
2024-01-01 00:00:04.966170,149,907.1064758300781,336.3743896484375,True,992.9440002441406,803.2273254394531,True,640.1460266113281,220.2635498046875,True,1519.7399291992188,136.63164138793945,True,1644.7083740234375,332.90858459472656,True
2024-01-01 00:00:04.999500,150,922.9945678710938,352.05963134765625,True,1005.3426513671875,801.8721313476562,True,643.5788269042969,219.0394058227539,True,1519.7691650390625,136.6440544128418,True,1644.740234375,332.94224548339844,True
2024-01-01 00:00:05.032830,151,928.90966796875,359.34503173828125,True,1014.6081848144531,801.4502868652344,True,646.7184753417969,218.17715454101562,True,1519.789794921875,136.65131759643555,True,1644.7952880859375,332.93116760253906,True
2024-01-01 00:00:05.066160,152,,,False,1027.1736450195312,799.9897155761719,True,649.6284484863281,215.8833236694336,True,1519.7948608398438,136.71892929077148,True,1644.8330078125,332.9099578857422,True
2024-01-01 00:00:05.099490,153,,,False,1041.22314453125,799.1904907226562,True,653.9974975585938,213.97557067871094,True,1519.7826538085938,136.72641372680664,True,1644.857177734375,332.9717712402344,True
2024-01-01 00:00:05.132820,154,,,False,1049.2130126953125,798.7843933105469,True,657.5930786132812,212.58218383789062,True,1519.7974243164062,136.70146560668945,True,1644.9202270507812,332.9986267089844,True
2024-01-01 00:00:05.166150,155,,,False,1058.2195739746094,798.2208862304688,True,661.7820129394531,211.27914428710938,True,1519.7991943359375,136.69536590576172,True,1644.959228515625,333.1907653808594,True
2024-01-01 00:00:05.199480,156,,,False,1069.6868896484375,797.3393859863281,True,666.3584899902344,210.3792724609375,True,1519.8179931640625,136.6913185119629,True,1644.9223022460938,333.30299377441406,True
2024-01-01 00:00:05.232810,157,,,False,1076.0010986328125,796.0689086914062,True,669.7748718261719,210.21407318115234,True,1519.8209228515625,136.68041229248047,True,1644.9035034179688,333.37646484375,True
2024-01-01 00:00:05.266140,158,,,False,1084.38720703125,794.6642150878906,True,674.8743896484375,211.19243621826172,True,1519.8215942382812,136.67623901367188,True,1644.9334716796875,333.3879089355469,True
2024-01-01 00:00:05.299470,159,,,False,1093.9347534179688,793.5267333984375,True,682.7453002929688,211.2738494873047,True,1519.8526611328125,136.60559844970703,True,1644.9235229492188,333.3646545410156,True
2024-01-01 00:00:05.332800,160,,,False,1100.6570434570312,792.17431640625,True,687.4285583496094,211.35230255126953,True,1519.8905639648438,136.60122680664062,True,1644.9586181640625,333.28456115722656,True
2024-01-01 00:00:05.366130,161,1061.5322875976562,530.8001708984375,True,1108.745849609375,790.0979919433594,True,691.9968872070312,211.2715301513672,True,1519.8566284179688,136.62909698486328,True,1644.8826293945312,333.17005920410156,True
2024-01-01 00:00:05.399460,162,1075.4398803710938,556.4579772949219,True,1116.4371337890625,786.6644897460938,True,697.0240173339844,211.34803771972656,True,1519.8743286132812,136.6410026550293,True,1644.8816528320312,333.35743713378906,True
2024-01-01 00:00:05.432790,163,1086.3456420898438,570.7820129394531,True,1121.240478515625,784.807861328125,True,700.5419311523438,211.60104370117188,True,1519.8975830078125,136.6493911743164,True,1645.025146484375,333.4729309082031,True
2024-01-01 00:00:05.466120,164,1100.7402954101562,595.6577453613281,True,1131.6953125,784.0466003417969,True,707.3556213378906,212.06224060058594,True,1519.860595703125,136.65065002441406,True,1645.0286254882812,333.5814971923828,True
2024-01-01 00:00:05.499450,165,1119.3731079101562,627.5093688964844,True,1141.2817993164062,783.5599365234375,True,716.6197204589844,211.74444580078125,True,1519.856201171875,136.66333389282227,True,1645.0758056640625,333.6630859375,True
2024-01-01 00:00:05.532780,166,,,False,1147.833251953125,783.316162109375,True,723.7250366210938,211.82222747802734,True,1519.88720703125,136.65879440307617,True,1645.1298217773438,333.8553771972656,True
2024-01-01 00:00:05.566110,167,,,False,1153.5728759765625,783.4608459472656,True,734.0823364257812,211.88671112060547,True,1519.8549194335938,136.64221572875977,True,1645.1552734375,333.8935546875,True
2024-01-01 00:00:05.599440,168,,,False,1158.4456176757812,784.3844299316406,True,741.8970336914062,211.08678436279297,True,1519.8802490234375,136.6299934387207,True,1645.149658203125,333.88157653808594,True
2024-01-01 00:00:05.632770,169,,,False,1162.0029296875,784.9800109863281,True,745.8134765625,211.56494903564453,True,1519.8829345703125,136.64306259155273,True,1645.1690063476562,333.85638427734375,True
2024-01-01 00:00:05.666100,170,,,False,1167.7485961914062,785.5829467773438,True,754.3374938964844,211.44719696044922,True,1519.8264770507812,136.6739387512207,True,1645.149658203125,333.98577880859375,True
2024-01-01 00:00:05.699430,171,,,False,1179.20458984375,785.9191589355469,True,767.9415893554688,211.99141693115234,True,1519.8480834960938,136.63387298583984,True,1645.2047119140625,334.0793914794922,True
2024-01-01 00:00:05.732760,172,,,False,1186.98193359375,786.3038940429688,True,777.2404174804688,213.1533966064453,True,1519.873291015625,136.60570526123047,True,1645.2241821289062,334.1089172363281,True
2024-01-01 00:00:05.766090,173,,,False,1196.187744140625,786.2031860351562,True,787.6554870605469,214.39229583740234,True,1519.8989868164062,136.6061782836914,True,1645.2228393554688,334.1000518798828,True
2024-01-01 00:00:05.799420,174,,,False,1202.606201171875,786.5570373535156,True,794.2381591796875,215.76048278808594,True,1519.8843994140625,136.58802795410156,True,1645.2011108398438,334.10997009277344,True
2024-01-01 00:00:05.832750,175,,,False,1205.7048950195312,786.3273620605469,True,797.0328063964844,216.7268295288086,True,1519.89111328125,136.58942794799805,True,1645.2130126953125,334.0714569091797,True
2024-01-01 00:00:05.866080,176,,,False,1206.4979248046875,785.3197937011719,True,798.5885925292969,217.663818359375,True,1519.8975219726562,136.59701538085938,True,1645.1401977539062,334.0445556640625,True
2024-01-01 00:00:05.899410,177,1257.3466186523438,721.8318481445312,True,1203.7269897460938,784.0424499511719,True,800.1194763183594,217.62828826904297,True,1519.8889770507812,136.61040496826172,True,1645.051513671875,333.9784393310547,True
2024-01-01 00:00:05.932740,178,,,False,1198.5556640625,782.8875122070312,True,802.2265930175781,217.3511505126953,True,1519.8858642578125,136.60518264770508,True,1645.0253295898438,334.0198211669922,True
2024-01-01 00:00:05.966070,179,,,False,1196.5194702148438,779.7027282714844,True,806.9941711425781,216.30992889404297,True,1519.9151000976562,136.6314468383789,True,1644.9957275390625,334.0324249267578,True
2024-01-01 00:00:05.999400,180,1287.4764404296875,738.8268127441406,True,1196.591796875,776.0372619628906,True,812.2845764160156,215.03081512451172,True,1519.9151000976562,136.69974899291992,True,1645.0767211914062,334.0276641845703,True
2024-01-01 00:00:06.032730,181,,,False,1204.9033203125,773.4490966796875,True,815.3103637695312,213.8292694091797,True,1519.8856811523438,136.71662139892578,True,1645.08837890625,334.04615783691406,True
2024-01-01 00:00:06.066060,182,1304.5256958007812,749.8460083007812,True,1212.4881591796875,767.4473876953125,True,818.5405883789062,212.5168228149414,True,1519.8950805664062,136.72748947143555,True,1645.0878295898438,334.05006408691406,True
2024-01-01 00:00:06.099390,183,,,False,1208.7164306640625,760.4756164550781,True,823.6568908691406,211.93557739257812,True,1519.9467163085938,136.6957664489746,True,1645.0958251953125,334.00238037109375,True
2024-01-01 00:00:06.132720,184,,,False,1204.2901000976562,756.2767944335938,True,826.5326843261719,211.4938735961914,True,1519.9695434570312,136.6744728088379,True,1645.075927734375,333.8613739013672,True
2024-01-01 00:00:06.166050,185,1289.2244873046875,618.3993530273438,True,1202.6244506835938,750.8398742675781,True,832.03759765625,211.11351013183594,True,1519.9833374023438,136.67219161987305,True,1645.02734375,333.66285705566406,True
2024-01-01 00:00:06.199380,186,1278.7772827148438,568.9900817871094,True,1201.4588623046875,747.7743225097656,True,835.8230895996094,210.85469818115234,True,1519.9862060546875,136.70381927490234,True,1645.0028076171875,333.7145080566406,True
2024-01-01 00:00:06.232710,187,1277.8763427734375,548.6023864746094,True,1203.874267578125,746.1975708007812,True,839.0356140136719,211.0959243774414,True,1519.9528198242188,136.6693458557129,True,1644.99462890625,333.7433624267578,True
2024-01-01 00:00:06.266040,188,,,False,1208.717041015625,745.0370483398438,True,841.4347229003906,212.1604995727539,True,1519.9624633789062,136.61036682128906,True,1644.9273071289062,333.5850524902344,True
2024-01-01 00:00:06.299370,189,,,False,1212.2330322265625,743.8377990722656,True,843.7996520996094,213.0636749267578,True,1519.9415893554688,136.5627555847168,True,1644.951904296875,333.51446533203125,True
2024-01-01 00:00:06.332700,190,,,False,1214.9486694335938,743.357421875,True,844.8976745605469,212.58160400390625,True,1519.9849243164062,136.51854705810547,True,1644.951171875,333.1971130371094,True
2024-01-01 00:00:06.366030,191,,,False,1217.8338012695312,742.9091491699219,True,845.0707092285156,212.9484634399414,True,1520.017333984375,136.60499954223633,True,1644.9537963867188,333.31761169433594,True
2024-01-01 00:00:06.399360,192,,,False,1219.9956665039062,742.8973693847656,True,844.2208251953125,212.97313690185547,True,1520.038818359375,136.61954879760742,True,1644.9625244140625,333.0978088378906,True
2024-01-01 00:00:06.432690,193,,,False,1220.6448364257812,742.9515991210938,True,844.7410583496094,213.40138244628906,True,1519.9894409179688,136.64225387573242,True,1644.9004516601562,333.0115509033203,True
2024-01-01 00:00:06.466020,194,,,False,1218.382568359375,742.806396484375,True,850.0269470214844,212.17285919189453,True,1519.9534912109375,136.65631484985352,True,1644.8634033203125,332.87046813964844,True
2024-01-01 00:00:06.499350,195,1233.1412353515625,378.7343444824219,True,1215.133056640625,742.6712036132812,True,857.2959289550781,208.96762084960938,True,1519.9293823242188,136.64866256713867,True,1644.9075927734375,332.86981201171875,True
2024-01-01 00:00:06.532680,196,,,False,1212.5220947265625,742.4815063476562,True,862.4114990234375,208.34842681884766,True,1519.916748046875,136.6449317932129,True,1644.9310302734375,332.7838897705078,True
2024-01-01 00:00:06.566010,197,,,False,1208.1861572265625,742.4192199707031,True,877.425537109375,208.27912139892578,True,1519.8685913085938,136.6848373413086,True,1644.921630859375,332.6992645263672,True
2024-01-01 00:00:06.599340,198,,,False,1203.4459838867188,742.006591796875,True,890.3964538574219,207.69207000732422,True,1519.8426513671875,136.7135009765625,True,1644.9073486328125,332.6218566894531,True
2024-01-01 00:00:06.632670,199,1217.7545776367188,354.2138671875,True,1199.2799682617188,741.2838134765625,True,895.1676635742188,206.61668395996094,True,1519.8325805664062,136.74026489257812,True,1644.8798828125,332.5101318359375,True
2024-01-01 00:00:06.666000,200,,,False,1194.2093505859375,739.28662109375,True,899.0317077636719,206.14151000976562,True,1519.8279418945312,136.75494766235352,True,1644.8084716796875,332.32533264160156,True
2024-01-01 00:00:06.699330,201,,,False,1191.462890625,736.6692199707031,True,905.4152221679688,207.20621490478516,True,1519.8477172851562,136.7578887939453,True,1644.7528686523438,332.2538757324219,True
2024-01-01 00:00:06.732660,202,,,False,1189.7767333984375,734.3510131835938,True,914.0695190429688,207.20282745361328,True,1519.8284912109375,136.7885284423828,True,1644.7142333984375,332.37890625,True
2024-01-01 00:00:06.765990,203,,,False,1185.6375122070312,726.6110229492188,True,931.3180541992188,206.76134490966797,True,1519.843017578125,136.82897186279297,True,1644.7252197265625,332.6108856201172,True
2024-01-01 00:00:06.799320,204,,,False,1179.8406982421875,718.5640869140625,True,942.9405517578125,206.6636505126953,True,1519.8380737304688,136.8451805114746,True,1644.6992797851562,332.69300842285156,True
2024-01-01 00:00:06.832650,205,,,False,1175.5684814453125,715.4156799316406,True,950.2568969726562,207.78621673583984,True,1519.8549194335938,136.84545516967773,True,1644.68408203125,332.70274353027344,True
2024-01-01 00:00:06.865980,206,,,False,1171.44775390625,713.8176574707031,True,959.9410705566406,206.33169555664062,True,1519.8377075195312,136.8686637878418,True,1644.6866455078125,332.7176818847656,True
2024-01-01 00:00:06.899310,207,1194.467529296875,281.1072235107422,True,1166.962890625,711.4329528808594,True,970.8655090332031,204.56460571289062,True,1519.8291015625,136.8642349243164,True,1644.69091796875,332.72569274902344,True
2024-01-01 00:00:06.932640,208,1193.558349609375,270.9354705810547,True,1164.0055541992188,709.6841125488281,True,978.2699890136719,203.3709945678711,True,1519.8197021484375,136.87425994873047,True,1644.70166015625,332.72618103027344,True
2024-01-01 00:00:06.965970,209,1192.0237426757812,257.0402069091797,True,1160.3473510742188,706.7377014160156,True,991.6751708984375,202.80593872070312,True,1519.8103637695312,136.87953567504883,True,1644.72509765625,332.67332458496094,True
2024-01-01 00:00:06.999300,210,1190.3207397460938,239.19309997558594,True,1157.4383544921875,703.4109191894531,True,1001.9528198242188,202.60255432128906,True,1519.8131103515625,136.88125228881836,True,1644.7330322265625,332.69569396972656,True
2024-01-01 00:00:07.032630,211,1190.3347778320312,234.26483917236328,True,1154.5184326171875,700.861572265625,True,1008.9917602539062,202.33151245117188,True,1519.7969360351562,136.88262939453125,True,1644.8014526367188,332.7231903076172,True
2024-01-01 00:00:07.065960,212,1187.2972412109375,222.9202880859375,True,1146.2692260742188,695.2225036621094,True,1019.0837097167969,202.0351791381836,True,1519.818115234375,136.87672805786133,True,1644.8870239257812,332.8223571777344,True
2024-01-01 00:00:07.099290,213,1187.5030517578125,213.43560791015625,True,1137.3779296875,687.3063659667969,True,1033.4825744628906,202.37316131591797,True,1519.8197631835938,136.8482551574707,True,1644.9359130859375,332.8380584716797,True
